persona,focus
Efficient Manager,Focused on clear deliverables, timelines, and cost.
Detail-Oriented Engineer,Interested in technical specs and thorough documentation.
Budget-Conscious Startup Founder,Prioritizes essential features and budget.
Risk-Averse Enterprise Architect,Emphasizes security and standards.
Agile Project Lead,Values flexibility and iterative progress.
Creative Marketer,Seeks innovative and visually appealing solutions.
Data-Driven Analyst,Prefers metrics and measurable outcomes.
Customer-Centric Sales Leader,Focused on client satisfaction and retention.
Process-Oriented Operations Manager,Values efficiency and repeatable processes.
Visionary Executive,Interested in long-term strategy and scalability.
